Neighborhood,Id,Estimate; Total:,Margin of Error; Total:,"Estimate; Total: - Less than $10,000","Margin of Error; Total: - Less than $10,000","Estimate; Total: - $10,000 to $14,999","Margin of Error; Total: - $10,000 to $14,999","Estimate; Total: - $15,000 to $19,999","Margin of Error; Total: - $15,000 to $19,999","Estimate; Total: - $20,000 to $24,999","Margin of Error; Total: - $20,000 to $24,999","Estimate; Total: - $25,000 to $29,999","Margin of Error; Total: - $25,000 to $29,999","Estimate; Total: - $30,000 to $34,999","Margin of Error; Total: - $30,000 to $34,999","Estimate; Total: - $35,000 to $39,999","Margin of Error; Total: - $35,000 to $39,999","Estimate; Total: - $40,000 to $49,999","Margin of Error; Total: - $40,000 to $49,999","Estimate; Total: - $50,000 to $59,999","Margin of Error; Total: - $50,000 to $59,999","Estimate; Total: - $60,000 to $69,999","Margin of Error; Total: - $60,000 to $69,999","Estimate; Total: - $70,000 to $79,999","Margin of Error; Total: - $70,000 to $79,999","Estimate; Total: - $80,000 to $89,999","Margin of Error; Total: - $80,000 to $89,999","Estimate; Total: - $90,000 to $99,999","Margin of Error; Total: - $90,000 to $99,999","Estimate; Total: - $100,000 to $124,999","Margin of Error; Total: - $100,000 to $124,999","Estimate; Total: - $125,000 to $149,999","Margin of Error; Total: - $125,000 to $149,999","Estimate; Total: - $150,000 to $174,999","Margin of Error; Total: - $150,000 to $174,999","Estimate; Total: - $175,000 to $199,999","Margin of Error; Total: - $175,000 to $199,999","Estimate; Total: - $200,000 to $249,999","Margin of Error; Total: - $200,000 to $249,999","Estimate; Total: - $250,000 to $299,999","Margin of Error; Total: - $250,000 to $299,999","Estimate; Total: - $300,000 to $399,999","Margin of Error; Total: - $300,000 to $399,999","Estimate; Total: - $400,000 to $499,999","Margin of Error; Total: - $400,000 to $499,999","Estimate; Total: - $500,000 to $749,999","Margin of Error; Total: - $500,000 to $749,999","Estimate; Total: - $750,000 to $999,999","Margin of Error; Total: - $750,000 to $999,999","Estimate; Total: - $1,000,000 to $1,499,999","Margin of Error; Total: - $1,000,000 to $1,499,999","Estimate; Total: - $1,500,000 to $1,999,999","Margin of Error; Total: - $1,500,000 to $1,999,999","Estimate; Total: - $2,000,000 or more","Margin of Error; Total: - $2,000,000 or more"
Allegheny Center,1,72,28,0,10,0,10,0,10,0,10,0,10,0,10,0,10,0,10,0,10,0,10,0,10,0,10,0,10,11,10,20,18,0,10,29,25,12,16,0,10,0,10,0,10,0,10,0,10,0,10,0,10,0,10
Allegheny West,2,69,31,4,7,0,10,0,10,0,10,0,10,0,10,0,10,0,10,0,10,0,10,0,10,0,10,0,10,4,6,10,16,0,10,0,10,4,8,15,16,21,18,0,10,0,10,0,10,11,17,0,10,0,10
Allentown,3,538.0,112.769676775,45.0,33.7342555869,19.0,21.1187120819,22.0,26.1533936612,44.0,30.7408522979,100.0,69.7638875064,49.0,29.1376045686,24.0,25.3771550809,97.0,60.3158354,58.0,39.1024295921,41.0,30.2985148151,20.0,34.9857113691,0.0,17.3205080757,0.0,17.3205080757,0.0,17.3205080757,13.0,24.4948974278,0.0,17.3205080757,0.0,17.3205080757,0.0,17.3205080757,0.0,17.3205080757,0.0,17.3205080757,0.0,17.3205080757,6.0,16.7630546143,0.0,17.3205080757,0.0,17.3205080757,0.0,17.3205080757,0.0,17.3205080757
Arlington,4,492.0,84.4334057113,12.0,16.1864140563,29.0,27.5136329844,5.0,16.2480768093,43.0,30.2158898595,27.0,30.4795013083,45.0,25.3968501984,49.0,30.7408522979,87.0,35.1852241715,103.0,52.2302594288,21.0,17.8325545001,37.0,26.3438797446,7.0,17.3205080757,9.0,17.9164728672,0.0,17.3205080757,6.0,16.2480768093,0.0,17.3205080757,0.0,17.3205080757,2.0,15.0,0.0,17.3205080757,0.0,17.3205080757,0.0,17.3205080757,7.0,17.9164728672,0.0,17.3205080757,3.0,15.779733838,0.0,17.3205080757,0.0,17.3205080757
Arlington Heights,5,0,10,0,10,0,10,0,10,0,10,0,10,0,10,0,10,0,10,0,10,0,10,0,10,0,10,0,10,0,10,0,10,0,10,0,10,0,10,0,10,0,10,0,10,0,10,0,10,0,10,0,10,0,10
Banksville,6,985.0,139.728307798,26.0,35.5105618091,0.0,20.0,0.0,20.0,0.0,20.0,0.0,20.0,0.0,20.0,0.0,20.0,0.0,20.0,93.0,68.7095335452,47.0,45.7055795281,32.0,36.6742416418,88.0,61.0737259384,57.0,41.3037528561,65.0,43.6577599059,155.0,75.4453444554,149.0,76.4264352171,173.0,89.5153618101,41.0,37.7094152699,14.0,28.0,18.0,28.7923600978,10.0,24.9799919936,0.0,20.0,0.0,20.0,17.0,31.2409987036,0.0,20.0,0.0,20.0
Bedford Dwellings,7,48,31,4,6,5,7,8,11,13,15,3,6,0,10,0,10,0,10,0,10,0,10,0,10,5,7,0,10,0,10,0,10,10,19,0,10,0,10,0,10,0,10,0,10,0,10,0,10,0,10,0,10,0,10
Beechview,8,2065.0,199.682247584,0.0,31.6227766016,0.0,31.6227766016,0.0,31.6227766016,0.0,31.6227766016,9.0,33.1058907144,39.0,43.8634243989,45.0,38.9743505398,125.0,53.5350352573,162.0,66.5131565932,311.0,102.151847756,445.0,117.119596994,311.0,96.6126285741,171.0,74.0877857678,191.0,67.1490878568,135.0,69.8212002188,35.0,37.229020938,14.0,36.6196668472,31.0,38.6910842443,27.0,37.9077828421,0.0,31.6227766016,7.0,33.1058907146,0.0,31.6227766016,7.0,31.9530906172,0.0,31.6227766016,0.0,31.6227766016,0.0,31.6227766016
Beltzhoover,9,556.0,129.988461026,4.0,18.3303027798,19.0,25.4950975679,45.0,42.2610932182,84.0,54.7174560812,54.0,57.4891294072,17.0,27.2213151776,28.0,27.0185121722,133.0,77.0519305403,29.0,28.7923600978,31.0,31.6069612585,13.0,21.0713075057,24.0,26.83281573,27.0,42.6731765867,19.0,22.6495033058,9.0,22.9128784748,7.0,20.0,0.0,20.0,13.0,26.4575131106,0.0,20.0,0.0,20.0,0.0,20.0,0.0,20.0,0.0,20.0,0.0,20.0,0.0,20.0,0.0,20.0
Bloomfield,10,1688.0,134.014924542,5.0,30.8058436015,23.0,35.7910603364,5.0,31.0483493925,15.0,31.384709653,0.0,31.6227766016,17.0,30.3479818109,4.0,30.8058436015,58.0,37.0135110467,75.0,39.5727178748,56.0,32.6036807737,121.0,43.8520238984,168.0,64.6915759586,97.0,43.2666153055,236.0,58.223706512,139.0,53.6283507112,163.0,59.4978991226,121.0,49.0611862882,152.0,56.5862174032,72.0,41.701318924,87.0,43.9431450855,41.0,41.0365690573,26.0,36.2077339804,3.0,30.4138126515,4.0,31.0483493924,0.0,31.6227766016,0.0,31.6227766016
Bluff,11,79.0,32.9241552663,0.0,20.0,5.0,18.6815416922,13.0,21.0713075057,10.0,17.8044938147,0.0,20.0,7.0,17.7763888346,0.0,20.0,9.0,21.6564078277,3.0,17.7763888346,3.0,18.3303027798,4.0,18.3303027798,4.0,18.6815416923,7.0,18.6815416923,5.0,19.5192212959,0.0,20.0,0.0,20.0,0.0,20.0,0.0,20.0,0.0,20.0,3.0,18.3303027798,0.0,20.0,6.0,19.5192212959,0.0,20.0,0.0,20.0,0.0,20.0,0.0,20.0
Bon Air,12,305,62,2,4,7,11,0,10,0,10,0,10,6,10,0,10,0,10,17,16,32,25,75,39,60,48,52,31,10,13,4,10,14,21,0,10,20,23,0,10,0,10,6,17,0,10,0,10,0,10,0,10,0,10
Brighton Heights,13,2206.0,159.125736448,14.0,33.6005952328,6.0,25.7681974534,0.0,26.4575131106,14.0,27.5680975042,24.0,31.9530906173,22.0,34.292856399,55.0,37.1618083522,79.0,53.9814783052,47.0,33.674916481,108.0,47.8016736109,263.0,89.5991071384,222.0,69.7638875063,240.0,77.8460018242,399.0,92.983869569,330.0,94.1966029111,219.0,84.6758525201,117.0,55.054518434,29.0,36.3042697213,0.0,26.4575131106,0.0,26.4575131106,0.0,26.4575131106,0.0,26.4575131106,18.0,29.478805946,0.0,26.4575131106,0.0,26.4575131106,0.0,26.4575131106
Brookline,14,4245.0,300.141633234,47.0,50.2593274926,47.0,49.6890329951,6.0,38.4837628097,39.0,46.882832679,10.0,39.0,15.0,44.4522215419,49.0,54.1940956192,71.0,56.973678133,206.0,80.1124210094,428.0,133.480335631,670.0,153.306881777,672.0,154.139547163,619.0,168.484420645,675.0,155.041929812,306.0,99.7847683766,160.0,66.7832314283,74.0,57.6714834211,45.0,48.0208288143,23.0,45.3541618819,42.0,53.2728824076,0.0,38.729833462,10.0,41.521078984,23.0,53.3291665038,0.0,38.729833462,0.0,38.729833462,8.0,39.2937654088
California-Kirkbride,15,114,29,0,10,7,8,0,10,8,9,0,10,11,12,6,9,0,10,31,20,0,10,3,6,0,10,0,10,30,26,0,10,5,7,6,11,7,10,0,10,0,10,0,10,0,10,0,10,0,10,0,10,0,10
Carrick,16,2624.0,215.995370319,11.0,35.8468966579,46.0,45.8911756222,43.0,63.2455532033,22.0,38.3927076409,56.0,46.8614980554,65.0,44.7325384927,112.0,48.8466989673,297.0,80.4984471899,385.0,104.273678366,347.0,89.3756118861,403.0,103.111590037,230.0,67.1788657244,197.0,97.4782026917,212.0,76.3871716978,28.0,39.0128184061,70.0,63.8827050146,15.0,36.510272527,48.0,59.4726828047,0.0,36.0555127546,9.0,38.5875627632,4.0,35.3411940942,24.0,38.4967531098,0.0,36.0555127546,0.0,36.0555127546,0.0,36.0555127546,0.0,36.0555127546
Central Business District,17,397.0,98.1580358402,0.0,24.4948974278,0.0,24.4948974278,0.0,24.4948974278,0.0,24.4948974278,0.0,24.4948974278,0.0,24.4948974278,0.0,24.4948974278,14.0,30.6757233004,0.0,24.4948974278,11.0,28.7054001889,30.0,40.6939798988,12.0,29.3428015022,0.0,24.4948974278,28.0,32.8633534503,19.0,31.0161248385,37.0,51.1468474102,0.0,24.4948974278,71.0,55.6866231693,33.0,33.615472628,16.0,26.7020598456,46.0,39.8246155035,58.0,54.4058820349,12.0,28.7054001889,10.0,26.9258240357,0.0,24.4948974278,0.0,24.4948974278
Central Lawrenceville,18,1015.0,117.443603486,0.0,24.4948974278,14.0,28.0891438104,0.0,24.4948974278,7.0,23.4307490277,8.0,25.3771550809,0.0,24.4948974278,9.0,24.4948974278,67.0,49.6890329953,78.0,33.941125497,48.0,42.5323406363,39.0,28.7402157265,70.0,49.497474683,23.0,28.4604989415,147.0,53.0565735796,99.0,57.5412895233,125.0,47.947888379,46.0,31.2729915422,83.0,40.2119385258,61.0,35.1567916625,58.0,35.9165699921,24.0,29.0688837074,9.0,25.8650343127,0.0,24.4948974278,0.0,24.4948974278,0.0,24.4948974278,0.0,24.4948974278
Central Northside,19,541.0,80.9135340966,11.0,15.1657508881,0.0,17.3205080757,6.0,16.2480768093,0.0,17.3205080757,5.0,15.779733838,0.0,17.3205080757,0.0,17.3205080757,12.0,15.6843871414,17.0,23.4307490277,18.0,23.4307490277,5.0,15.779733838,9.0,17.9164728671,6.0,16.7630546142,49.0,30.2820078594,28.0,20.9761769634,48.0,35.0713558335,36.0,31.5911379979,87.0,34.6554469023,89.0,36.2904946232,89.0,35.6370593624,26.0,17.5499287748,0.0,17.3205080757,0.0,17.3205080757,0.0,17.3205080757,0.0,17.3205080757,0.0,17.3205080757
Central Oakland,20,193.0,55.5787729264,0.0,17.3205080757,0.0,17.3205080757,0.0,17.3205080757,0.0,17.3205080757,0.0,17.3205080757,0.0,17.3205080757,0.0,17.3205080757,0.0,17.3205080757,0.0,17.3205080757,0.0,17.3205080757,26.0,29.5972971739,19.0,25.3179778023,12.0,27.0,62.0,33.9705755029,11.0,20.6155281281,40.0,19.2093727123,0.0,17.3205080757,7.0,19.2093727123,8.0,18.547236991,0.0,17.3205080757,0.0,17.3205080757,0.0,17.3205080757,0.0,17.3205080757,0.0,17.3205080757,0.0,17.3205080757,8.0,19.2093727123
Chartiers City,21,186,55,0,10,8,13,0,10,0,10,0,10,3,5,13,15,16,17,13,15,50,51,0,10,30,23,10,15,38,33,5,8,0,10,0,10,0,10,0,10,0,10,0,10,0,10,0,10,0,10,0,10,0,10
Chateau,22,3,3,0,10,0,10,0,10,0,10,0,10,0,10,0,10,0,10,0,10,0,10,0,10,0,10,0,10,0,10,0,10,0,10,0,10,0,10,0,10,0,10,0,10,3,3,0,10,0,10,0,10,0,10
Crafton Heights,23,1034.0,115.836091094,0.0,20.0,9.0,17.6918060129,28.0,33.7786915081,13.0,18.3303027798,26.0,27.892651362,31.0,25.3968501984,39.0,32.6343377442,6.0,19.0787840284,102.0,45.1331363856,77.0,35.4118624192,155.0,65.023072828,165.0,47.2228758125,110.0,48.1352261862,114.0,40.062451248,78.0,35.8747822293,42.0,28.9482296523,16.0,29.5972971739,18.0,22.1133443875,0.0,20.0,0.0,20.0,0.0,20.0,0.0,20.0,0.0,20.0,0.0,20.0,0.0,20.0,5.0,18.6815416922
Crawford-Roberts,24,226.0,58.5918083012,7.0,14.8660687473,6.0,13.4536240471,0.0,14.1421356237,0.0,14.1421356237,0.0,14.1421356237,7.0,15.6204993518,0.0,14.1421356237,0.0,14.1421356237,9.0,16.4012194669,31.0,29.7321374946,8.0,18.0277563773,32.0,28.2842712475,12.0,22.360679775,33.0,30.6757233004,15.0,20.591260282,0.0,14.1421356237,66.0,33.2415402772,0.0,14.1421356237,0.0,14.1421356237,0.0,14.1421356237,0.0,14.1421356237,0.0,14.1421356237,0.0,14.1421356237,0.0,14.1421356237,0.0,14.1421356237,0.0,14.1421356237
Duquesne Heights,25,837.0,109.635760589,7.0,15.6204993518,10.0,17.2046505341,0.0,14.1421356237,0.0,14.1421356237,0.0,14.1421356237,0.0,14.1421356237,9.0,17.2046505341,28.0,20.591260282,51.0,29.1547594742,74.0,38.4187454246,73.0,39.9624824054,150.0,87.3212459829,34.0,23.3238075794,93.0,58.6941223633,81.0,41.2310562562,70.0,53.2353266168,7.0,14.8660687473,24.0,25.4558441227,24.0,21.2602916255,62.0,38.4707681233,28.0,26.9072480941,5.0,12.8062484749,0.0,14.1421356237,7.0,14.8660687473,0.0,14.1421356237,0.0,14.1421356237
East Allegheny,26,435.0,85.8020978765,8.0,16.4012194669,24.0,21.9317121995,15.0,19.7230829233,31.0,27.8567765544,0.0,14.1421356237,0.0,14.1421356237,38.0,43.1740662898,35.0,45.1220566907,23.0,23.4307490277,0.0,14.1421356237,0.0,14.1421356237,0.0,14.1421356237,16.0,17.2046505341,7.0,15.6204993518,27.0,24.8394846967,41.0,27.2946881279,35.0,27.5862284483,23.0,24.1660919472,57.0,38.1837661841,48.0,29.6984848098,0.0,14.1421356237,0.0,14.1421356237,0.0,14.1421356237,7.0,14.8660687473,0.0,14.1421356237,0.0,14.1421356237
East Carnegie,27,142,41,0,10,0,10,0,10,0,10,8,10,0,10,0,10,5,7,26,19,32,29,13,7,28,17,6,8,6,9,0,10,13,15,0,10,0,10,0,10,5,8,0,10,0,10,0,10,0,10,0,10,0,10
East Hills,28,561.0,122.743635273,0.0,17.3205080757,7.0,18.547236991,29.0,38.0263066837,14.0,19.7484176581,36.0,36.0693775938,35.0,29.8998327755,16.0,20.3224014329,100.0,56.665686266,42.0,30.8220700149,90.0,56.0089278597,55.0,43.3704968844,71.0,73.1573646327,25.0,28.7228132327,17.0,21.5638586529,8.0,18.547236991,0.0,17.3205080757,0.0,17.3205080757,0.0,17.3205080757,0.0,17.3205080757,8.0,17.9164728672,0.0,17.3205080757,8.0,18.547236991,0.0,17.3205080757,0.0,17.3205080757,0.0,17.3205080757,0.0,17.3205080757
East Liberty,29,427.0,108.425089347,0.0,28.2842712474,0.0,28.2842712474,0.0,28.2842712474,20.0,32.0156211872,0.0,28.2842712474,35.0,58.3438085832,7.0,29.0516780926,30.0,35.2278299076,32.0,42.8135492571,17.0,27.6043474837,75.0,53.600373133,12.0,31.7017349683,11.0,30.9192496674,17.0,30.6594194335,8.0,29.0516780927,28.0,33.8526217596,26.0,34.4093010682,42.0,41.7731971485,24.0,35.3553390594,32.0,35.7770876399,0.0,28.2842712474,0.0,28.2842712474,0.0,28.2842712474,11.0,31.4483703871,0.0,28.2842712474,0.0,28.2842712474
Elliott,30,563.0,91.4385039248,0.0,17.3205080757,0.0,17.3205080757,59.0,54.1571786562,22.0,24.4948974278,49.0,45.8693797647,71.0,40.2119385258,41.0,29.4108823397,91.0,37.3363094052,55.0,37.0270171631,62.0,37.148351242,39.0,26.0959767014,23.0,24.1039415864,7.0,17.9164728672,12.0,17.5499287748,7.0,17.3205080757,5.0,16.2480768093,0.0,17.3205080757,0.0,17.3205080757,9.0,15.6524758425,0.0,17.3205080757,11.0,23.6854385647,0.0,17.3205080757,0.0,17.3205080757,0.0,17.3205080757,0.0,17.3205080757,0.0,17.3205080757
Esplen,31,100,49,0,10,0,10,0,10,21,27,18,20,9,10,4,6,34,34,9,14,0,10,0,10,0,10,0,10,0,10,0,10,0,10,0,10,5,9,0,10,0,10,0,10,0,10,0,10,0,10,0,10,0,10
Fairywood,32,98,51,7,12,0,10,13,16,0,10,0,10,13,15,0,10,8,13,37,37,0,10,9,15,11,16,0,10,0,10,0,10,0,10,0,10,0,10,0,10,0,10,0,10,0,10,0,10,0,10,0,10,0,10
Fineview,33,237.0,58.0086200491,3.0,11.6619037897,0.0,14.1421356237,0.0,14.1421356237,7.0,12.8062484749,19.0,23.2594066992,12.0,10.0,14.0,18.0277563773,26.0,27.4590604355,10.0,10.0,20.0,25.079872408,29.0,31.4006369362,7.0,14.1421356237,8.0,7.81024967591,40.0,26.83281573,10.0,10.8166538264,24.0,22.1359436212,0.0,14.1421356237,4.0,11.6619037897,0.0,14.1421356237,0.0,14.1421356237,0.0,14.1421356237,0.0,14.1421356237,0.0,14.1421356237,4.0,11.6619037897,0.0,14.1421356237,0.0,14.1421356237
Friendship,34,79.0,51.7397332811,0.0,14.1421356237,0.0,14.1421356237,0.0,14.1421356237,0.0,14.1421356237,0.0,14.1421356237,0.0,14.1421356237,0.0,14.1421356237,7.0,14.8660687473,0.0,14.1421356237,0.0,14.1421356237,0.0,14.1421356237,0.0,14.1421356237,0.0,14.1421356237,0.0,14.1421356237,0.0,14.1421356237,15.0,20.591260282,35.0,38.9486841883,11.0,19.7230829233,11.0,21.4709105536,0.0,14.1421356237,0.0,14.1421356237,0.0,14.1421356237,0.0,14.1421356237,0.0,14.1421356237,0.0,14.1421356237,0.0,14.1421356237
Garfield,35,628.0,82.3771813065,54.0,28.4077454227,9.0,20.7364413533,24.0,32.8024389337,34.0,30.6920185065,11.0,21.0950231098,51.0,30.4138126515,24.0,23.0867927612,62.0,32.8329103188,44.0,23.4946802489,84.0,47.1062628532,51.0,29.0,17.0,17.7200451467,22.0,22.8910462845,30.0,25.6320112359,31.0,29.5803989155,40.0,32.3419232575,3.0,20.3960780543,12.0,22.4053565024,10.0,20.4205778566,5.0,18.2208671583,10.0,20.3224014329,0.0,22.360679775,0.0,22.360679775,0.0,22.360679775,0.0,22.360679775,0.0,22.360679775
Glen Hazel,36,0,10,0,10,0,10,0,10,0,10,0,10,0,10,0,10,0,10,0,10,0,10,0,10,0,10,0,10,0,10,0,10,0,10,0,10,0,10,0,10,0,10,0,10,0,10,0,10,0,10,0,10,0,10
Greenfield,37,1996.0,193.543276814,22.0,37.148351242,0.0,29.9999999999,14.0,37.094473982,24.0,45.0,0.0,29.9999999999,0.0,29.9999999999,10.0,32.0156211872,54.0,46.6690475583,29.0,41.0487515036,68.0,48.2700735446,145.0,73.9391641824,127.0,63.387695967,95.0,59.3885510852,345.0,108.438922901,246.0,96.7729300993,357.0,109.503424604,168.0,79.1138420252,209.0,88.8425573698,27.0,40.6693988153,25.0,39.7617907043,0.0,29.9999999999,18.0,40.5092582011,13.0,35.2278299076,0.0,29.9999999999,0.0,29.9999999999,0.0,29.9999999999
Hays,38,93,26,0,10,0,10,13,15,5,8,0,10,5,7,7,10,17,12,18,16,5,7,14,13,4,8,0,10,0,10,0,10,5,9,0,10,0,10,0,10,0,10,0,10,0,10,0,10,0,10,0,10,0,10
Hazelwood,39,1016.0,145.485394455,19.0,26.8514431642,0.0,26.4575131106,49.0,40.4227658628,44.0,35.8747822293,52.0,42.6028168083,43.0,40.3608721412,52.0,49.0000000001,27.0,34.7275107084,64.0,46.3249392876,119.0,70.1569668671,62.0,36.0693775938,84.0,66.5507325279,53.0,43.520110294,85.0,63.8827050148,67.0,41.4728827066,75.0,57.2101389615,51.0,35.5668384876,32.0,36.5102725271,18.0,35.0,11.0,27.3861278752,0.0,26.4575131106,0.0,26.4575131106,9.0,27.7308492478,0.0,26.4575131106,0.0,26.4575131106,0.0,26.4575131106
Highland Park,40,1488.0,181.672782772,0.0,28.2842712474,8.0,28.6530975637,0.0,28.2842712474,0.0,28.2842712474,0.0,28.2842712474,13.0,33.1662479036,0.0,28.2842712474,10.0,30.9192496674,0.0,28.2842712474,0.0,28.2842712474,60.0,61.5954543777,96.0,67.8085540327,32.0,46.2385120868,90.0,61.0245852095,129.0,84.864598037,155.0,67.0894924709,130.0,61.2943716829,67.0,45.1552876195,144.0,66.7982035687,327.0,101.098961419,166.0,80.8022276921,47.0,47.9895822028,0.0,28.2842712474,14.0,33.7786915081,0.0,28.2842712474,0.0,28.2842712474
Homewood North,41,540.0,83.7735041645,15.0,21.0950231098,1.0,20.2237484161,63.0,42.8135492572,76.0,39.0512483795,21.0,19.8997487421,80.0,44.2153819389,46.0,28.6530975638,122.0,48.1040538832,17.0,21.0,25.0,25.2586618806,13.0,21.3775583264,23.0,24.7588368063,5.0,21.5406592286,4.0,20.8806130178,5.0,21.5406592286,6.0,21.9317121995,17.0,24.4131112314,1.0,20.2237484161,0.0,22.360679775,0.0,22.360679775,0.0,22.360679775,0.0,22.360679775,0.0,22.360679775,0.0,22.360679775,0.0,22.360679775,0.0,22.360679775
Homewood South,42,396.0,79.0632658066,27.0,26.7768556779,12.0,23.8746727726,0.0,24.4948974278,7.0,23.1516738056,19.0,24.1867732449,52.0,31.7175030543,25.0,28.4604989415,32.0,27.9284800876,26.0,30.9677251344,25.0,33.0000000001,27.0,26.8514431641,34.0,29.6479341607,14.0,24.9198715887,11.0,24.3515913238,21.0,29.4278779391,21.0,22.2036033113,4.0,23.4307490277,11.0,27.4954541697,6.0,24.1039415864,22.0,31.4006369362,0.0,24.4948974278,0.0,24.4948974278,0.0,24.4948974278,0.0,24.4948974278,0.0,24.4948974278,0.0,24.4948974278
Homewood West,43,186.0,56.6038867923,14.0,24.1660919472,0.0,14.1421356237,37.0,28.3019433962,3.0,11.1803398875,17.0,25.079872408,17.0,17.2046505341,23.0,26.0,8.0,15.6204993518,16.0,14.8660687473,0.0,14.1421356237,8.0,13.4536240471,18.0,30.6757233004,13.0,22.360679775,7.0,14.1421356237,0.0,14.1421356237,0.0,14.1421356237,0.0,14.1421356237,0.0,14.1421356237,0.0,14.1421356237,0.0,14.1421356237,5.0,12.8062484749,0.0,14.1421356237,0.0,14.1421356237,0.0,14.1421356237,0.0,14.1421356237,0.0,14.1421356237
Knoxville,44,764.0,151.776150959,12.0,28.7054001889,26.0,30.6757233004,49.0,44.4634681508,111.0,74.8465096046,30.0,46.0108682813,22.0,31.5594676761,20.0,27.8747197295,157.0,86.8907359849,166.0,82.6498638837,67.0,63.1664467894,34.0,32.0156211872,14.0,32.0780298647,0.0,24.4948974278,36.0,40.877866872,0.0,24.4948974278,0.0,24.4948974278,0.0,24.4948974278,0.0,24.4948974278,20.0,30.7245829915,0.0,24.4948974278,0.0,24.4948974278,0.0,24.4948974278,0.0,24.4948974278,0.0,24.4948974278,0.0,24.4948974278,0.0,24.4948974278
Larimer,45,214.0,47.4657771452,4.0,18.6815416922,15.0,22.9128784748,33.0,30.0166620396,6.0,19.0787840283,15.0,16.7032930885,39.0,25.3968501984,10.0,16.7332005307,27.0,15.8429795178,24.0,18.574175621,8.0,17.4928556845,14.0,18.973665961,11.0,18.3303027798,0.0,20.0,0.0,20.0,0.0,20.0,0.0,20.0,4.0,18.0277563773,4.0,18.0277563773,0.0,20.0,0.0,20.0,0.0,20.0,0.0,20.0,0.0,20.0,0.0,20.0,0.0,20.0,0.0,20.0
Lincoln Place,46,1283.0,137.91664149,0.0,22.360679775,10.0,25.6124969497,0.0,22.360679775,31.0,36.9999999999,10.0,24.4131112315,12.0,27.5862284483,14.0,22.9128784748,60.0,35.6791255498,166.0,77.6916983982,183.0,69.0941386805,189.0,59.4642749893,138.0,56.2938717801,86.0,54.8634668974,157.0,63.0793151516,110.0,63.2218316722,60.0,53.544374121,25.0,43.8292140016,17.0,25.6124969497,15.0,24.8394846967,0.0,22.360679775,0.0,22.360679775,0.0,22.360679775,0.0,22.360679775,0.0,22.360679775,0.0,22.360679775,0.0,22.360679775
Lincoln-Lemington-Belmar,47,851.0,108.475803754,20.0,27.2029410174,27.0,30.7571129985,13.0,23.8746727726,36.0,41.1582312546,58.0,45.650848842,13.0,21.4709105536,41.0,27.946377225,160.0,55.1633936592,101.0,42.9767378939,125.0,54.4885309033,83.0,49.0000000001,57.0,31.4165561448,11.0,24.8596057892,45.0,34.5398320784,7.0,21.4709105536,11.0,23.3666428911,8.0,24.9198715887,13.0,24.9198715887,16.0,28.7054001888,0.0,24.4948974278,0.0,24.4948974278,0.0,24.4948974278,0.0,24.4948974278,0.0,24.4948974278,0.0,24.4948974278,6.0,24.4948974278
Lower Lawrenceville,48,457.0,100.657836257,16.0,19.7230829233,0.0,14.1421356237,0.0,14.1421356237,21.0,34.4818792991,8.0,17.2046505341,28.0,26.9258240357,8.0,14.8660687473,17.0,17.8044938148,17.0,20.0,32.0,26.1725046566,18.0,22.360679775,33.0,27.8567765544,8.0,15.6204993518,70.0,50.4479930225,16.0,19.7230829233,64.0,53.2353266168,29.0,27.2029410175,40.0,27.8567765544,23.0,23.2594066992,0.0,14.1421356237,0.0,14.1421356237,9.0,17.2046505341,0.0,14.1421356237,0.0,14.1421356237,0.0,14.1421356237,0.0,14.1421356237
Manchester,49,509.0,116.017240098,6.0,13.4536240471,0.0,14.1421356237,0.0,14.1421356237,8.0,15.6204993518,9.0,17.2046505341,0.0,14.1421356237,12.0,19.7230829233,15.0,16.4012194669,37.0,32.5576411922,53.0,36.7967389859,83.0,57.8013840665,38.0,29.1547594742,47.0,44.2718872424,49.0,32.9848450049,53.0,38.5875627631,26.0,24.1660919472,1.0,16.4012194669,19.0,20.6155281281,25.0,40.2616442784,21.0,24.1660919472,0.0,14.1421356237,7.0,14.8660687473,0.0,14.1421356237,0.0,14.1421356237,0.0,14.1421356237,0.0,14.1421356237
Marshall-Shadeland,50,966.0,145.488831186,11.0,22.825424421,14.0,23.452078799,46.0,37.2827037647,54.0,34.8425027804,8.0,23.3238075794,39.0,36.4691650576,57.0,38.9358446679,137.0,69.9213844257,81.0,45.8911756223,153.0,72.3532998557,128.0,60.9672042987,84.0,48.1456124689,41.0,46.9680742632,35.0,30.4138126515,56.0,50.6063237155,5.0,21.5406592286,6.0,22.825424421,0.0,22.360679775,0.0,22.360679775,0.0,22.360679775,5.0,21.5406592286,6.0,22.825424421,0.0,22.360679775,0.0,22.360679775,0.0,22.360679775,0.0,22.360679775
Middle Hill,51,266.0,71.6240183179,0.0,17.3205080757,5.0,15.779733838,5.0,16.2480768093,4.0,15.3622914957,0.0,17.3205080757,28.0,24.7790233867,6.0,16.7630546143,11.0,14.0712472794,18.0,27.0924343683,71.0,41.0609303353,0.0,17.3205080757,15.0,16.7630546143,5.0,16.2480768092,54.0,49.8297100132,5.0,16.2480768093,26.0,26.5706605112,0.0,17.3205080757,0.0,17.3205080757,2.0,15.0,11.0,17.9164728672,0.0,17.3205080757,0.0,17.3205080757,0.0,17.3205080757,0.0,17.3205080757,0.0,17.3205080757,0.0,17.3205080757
Morningside,52,954.0,121.053707089,34.0,30.6920185065,22.0,30.4138126515,0.0,20.0,0.0,20.0,0.0,20.0,6.0,19.519221296,35.0,47.2863616702,8.0,22.2710574513,22.0,23.5796522451,43.0,43.7149859888,50.0,32.2180073872,151.0,69.9428338002,41.0,32.3264597505,98.0,44.4072066224,190.0,61.6441400297,115.0,61.0573500899,24.0,24.2074368739,100.0,48.9591666596,0.0,20.0,0.0,20.0,0.0,20.0,15.0,28.0,0.0,20.0,0.0,20.0,0.0,20.0,0.0,20.0
Mount Oliver Borough,53,593.0,125.307621476,4.0,19.0787840283,0.0,20.0,0.0,20.0,0.0,20.0,35.0,32.3264597505,50.0,36.0832371054,57.0,49.5681349256,160.0,66.9776081986,100.0,52.4499761678,104.0,73.74957627,45.0,34.4238289562,9.0,22.9128784748,12.0,24.9799919936,0.0,20.0,0.0,20.0,9.0,22.2710574513,0.0,20.0,8.0,21.0713075057,0.0,20.0,0.0,20.0,0.0,20.0,0.0,20.0,0.0,20.0,0.0,20.0,0.0,20.0,0.0,20.0
Mount Washington,54,1828.0,177.533095507,27.0,31.1287648326,9.0,30.7245829915,9.0,32.0156211871,26.0,37.7491721764,13.0,31.1287648325,63.0,42.3083916026,45.0,39.2555728528,130.0,60.7289058028,256.0,93.6108968016,161.0,69.8426803609,184.0,68.4908753047,142.0,62.7853486093,83.0,43.5660418216,118.0,52.4213696883,98.0,44.3395985548,114.0,57.148928249,84.0,47.5499737118,112.0,69.1230786351,14.0,31.9374388454,47.0,36.1524549651,20.0,33.9116499156,30.0,33.8526217596,20.0,34.5398320783,0.0,29.9999999999,0.0,29.9999999999,23.0,31.8276609256
Mt. Oliver,55,164,43,0,10,0,10,0,10,0,10,15,18,8,8,13,20,40,31,16,12,21,18,19,12,0,10,9,9,9,9,0,10,0,10,0,10,5,7,5,6,4,7,0,10,0,10,0,10,0,10,0,10,0,10
New Homestead,56,377,31,2,5,17,18,0,10,0,10,0,10,0,10,0,10,0,10,17,16,9,10,32,23,32,23,18,14,103,42,62,37,11,14,4,6,43,24,10,12,14,16,3,5,0,10,0,10,0,10,0,10,0,10
North Oakland,57,873.0,121.49897119,17.0,29.3428015023,0.0,24.4948974278,5.0,24.9198715887,0.0,24.4948974278,9.0,25.8650343127,14.0,34.292856399,0.0,24.4948974278,0.0,24.4948974278,26.0,47.5815090134,69.0,48.2700735445,18.0,27.4954541697,55.0,42.3792402008,36.0,37.4165738678,124.0,55.856960175,47.0,35.6791255499,94.0,49.1426495012,53.0,39.0512483795,79.0,42.4852915725,47.0,41.4608248833,23.0,33.1209903234,100.0,73.7156699759,41.0,39.8622628559,16.0,30.199337741,0.0,24.4948974278,0.0,24.4948974278,0.0,24.4948974278
North Shore,58,0.0,14.1421356237,0.0,14.1421356237,0.0,14.1421356237,0.0,14.1421356237,0.0,14.1421356237,0.0,14.1421356237,0.0,14.1421356237,0.0,14.1421356237,0.0,14.1421356237,0.0,14.1421356237,0.0,14.1421356237,0.0,14.1421356237,0.0,14.1421356237,0.0,14.1421356237,0.0,14.1421356237,0.0,14.1421356237,0.0,14.1421356237,0.0,14.1421356237,0.0,14.1421356237,0.0,14.1421356237,0.0,14.1421356237,0.0,14.1421356237,0.0,14.1421356237,0.0,14.1421356237,0.0,14.1421356237,0.0,14.1421356237,0.0,14.1421356237
Northview Heights,59,12,12,0,10,0,10,0,10,0,10,0,10,6,9,0,10,0,10,0,10,6,8,0,10,0,10,0,10,0,10,0,10,0,10,0,10,0,10,0,10,0,10,0,10,0,10,0,10,0,10,0,10,0,10
Oakwood,60,236,49,8,11,0,10,0,10,0,10,5,8,0,10,0,10,0,10,20,15,3,5,21,17,36,21,32,22,42,23,24,29,15,15,8,9,6,9,16,14,0,10,0,10,0,10,0,10,0,10,0,10,0,10
Overbrook,61,1283.0,100.029995501,3.0,20.8806130178,0.0,22.360679775,0.0,22.360679775,4.0,20.8806130178,13.0,22.2036033112,29.0,24.7790233867,19.0,21.4941852603,78.0,39.2300904918,113.0,37.1214223865,250.0,66.7233092705,169.0,46.4327470649,177.0,51.7880295049,134.0,44.5084261685,163.0,49.5176736126,73.0,43.4281015012,17.0,19.8494332414,7.0,22.360679775,15.0,25.5538646784,6.0,22.360679775,0.0,22.360679775,0.0,22.360679775,6.0,21.9317121994,0.0,22.360679775,7.0,22.360679775,0.0,22.360679775,0.0,22.360679775
Perry North,62,1069.0,107.740428809,18.0,28.0891438104,5.0,23.4307490277,19.0,35.8329457344,7.0,24.4948974278,13.0,23.7065391823,14.0,24.1867732449,11.0,23.3452350599,55.0,36.6742416418,57.0,30.0665927567,116.0,46.2385120868,159.0,54.4977063737,82.0,37.5233260786,76.0,38.8458491991,151.0,48.352869615,102.0,46.1410879802,62.0,41.5331193147,40.0,40.2740611311,54.0,39.4588393139,8.0,24.4948974278,15.0,26.3818119166,0.0,24.4948974278,0.0,24.4948974278,5.0,23.4307490277,0.0,24.4948974278,0.0,24.4948974278,0.0,24.4948974278
Perry South,63,800.0,126.601737745,19.0,24.2074368738,33.0,29.8161030318,21.0,30.7408522979,8.0,26.3818119165,53.0,36.5650105976,54.0,44.1588043316,14.0,24.1453929353,67.0,41.2189276911,100.0,63.2929695938,120.0,55.7314991723,109.0,56.7009700093,56.0,34.5543050863,64.0,40.6448028658,16.0,25.7875939164,4.0,24.1039415864,26.0,27.8208554864,0.0,24.4948974278,18.0,26.8514431643,0.0,24.4948974278,18.0,35.0570962859,0.0,24.4948974278,0.0,24.4948974278,0.0,24.4948974278,0.0,24.4948974278,0.0,24.4948974278,0.0,24.4948974278
Point Breeze,64,1623.0,107.144761888,14.0,27.8208554865,0.0,26.4575131106,0.0,26.4575131106,15.0,28.9482296522,0.0,26.4575131106,5.0,25.7681974534,0.0,26.4575131106,15.0,29.2061637331,0.0,26.4575131106,15.0,29.2574776766,16.0,29.8161030318,4.0,25.2190404259,17.0,29.8998327754,52.0,35.397740041,35.0,29.2403830345,73.0,40.7308237088,80.0,39.7743636028,217.0,67.0969447889,250.0,65.4980915752,318.0,74.7462373636,246.0,64.0234332101,168.0,48.754486973,71.0,36.1247837364,8.0,24.1867732449,4.0,25.0,0.0,26.4575131106
Point Breeze North,65,336.0,89.0898422942,0.0,17.3205080757,0.0,17.3205080757,0.0,17.3205080757,0.0,17.3205080757,0.0,17.3205080757,6.0,16.7630546143,0.0,17.3205080757,11.0,22.8910462845,0.0,17.3205080757,0.0,17.3205080757,7.0,18.547236991,14.0,26.1533936613,0.0,17.3205080757,28.0,29.0172362571,45.0,32.0156211872,20.0,26.1533936613,34.0,26.645825189,49.0,31.3687742827,50.0,35.902646142,59.0,56.2138772902,0.0,17.3205080757,13.0,23.6854385646,0.0,17.3205080757,0.0,17.3205080757,0.0,17.3205080757,0.0,17.3205080757
Polish Hill,66,334.0,54.5618914628,0.0,14.1421356237,0.0,14.1421356237,5.0,12.2065556157,17.0,21.4709105536,9.0,14.8660687473,12.0,12.8062484749,10.0,14.8660687473,40.0,21.5870331449,20.0,15.0,32.0,19.8494332413,30.0,17.4928556845,4.0,11.6619037897,20.0,15.0,26.0,17.0293863659,27.0,19.2353840617,23.0,15.8113883008,39.0,31.9061122671,18.0,14.1421356237,2.0,10.7703296143,0.0,14.1421356237,0.0,14.1421356237,0.0,14.1421356237,0.0,14.1421356237,0.0,14.1421356237,0.0,14.1421356237,0.0,14.1421356237
Regent Square,67,343,41,0,10,0,10,0,10,0,10,5,8,0,10,0,10,0,10,0,10,0,10,6,9,0,10,0,10,10,11,13,14,24,23,6,9,86,34,67,28,72,27,35,23,13,15,0,10,0,10,6,9,0,10
Ridgemont,68,136,40,0,10,0,10,0,10,0,10,0,10,0,10,0,10,0,10,2,5,10,15,26,21,29,25,19,18,17,30,24,17,0,10,0,10,0,10,0,10,9,14,0,10,0,10,0,10,0,10,0,10,0,10
Shadyside,69,1936.0,210.366347119,0.0,37.4165738677,0.0,37.4165738677,0.0,37.4165738677,13.0,41.2310562561,0.0,37.4165738677,0.0,37.4165738677,0.0,37.4165738677,0.0,37.4165738677,11.0,40.7553677446,0.0,37.4165738677,15.0,38.4317577012,11.0,40.2988833592,19.0,40.8411557133,214.0,92.8493403315,86.0,57.9050947672,58.0,47.1699056603,95.0,50.5371150739,244.0,95.5562661472,268.0,95.2102935612,332.0,119.86659251,163.0,70.6540869306,243.0,85.4400374531,111.0,64.2105910266,36.0,47.2969343616,17.0,41.9761837235,0.0,37.4165738677
Sheraden,70,1354.0,152.823427524,6.0,24.4948974278,5.0,23.748684174,51.0,41.2310562562,60.0,37.5233260785,88.0,49.7393204617,131.0,57.9482527778,71.0,58.1893461039,148.0,64.6142399166,218.0,89.0280854563,103.0,56.2672195866,132.0,82.5953993876,57.0,65.4675492133,74.0,45.7930125675,68.0,47.8434948556,74.0,50.0199960016,5.0,25.7099202644,8.0,25.3771550809,39.0,51.1468474102,0.0,24.4948974278,6.0,24.1039415864,10.0,26.9258240357,0.0,24.4948974278,0.0,24.4948974278,0.0,24.4948974278,0.0,24.4948974278,0.0,24.4948974278
South Oakland,71,418.0,93.2630687894,0.0,20.0,0.0,20.0,21.0,29.4278779391,0.0,20.0,15.0,22.9128784748,22.0,28.7749891399,0.0,20.0,7.0,20.5182845287,40.0,46.4758001545,27.0,29.2061637331,44.0,38.3144881213,73.0,42.7784992723,0.0,20.0,70.0,52.3736575007,63.0,46.1844129549,20.0,25.1594912508,7.0,20.5182845286,9.0,22.2710574513,0.0,20.0,0.0,20.0,0.0,20.0,0.0,20.0,0.0,20.0,0.0,20.0,0.0,20.0,0.0,20.0
South Shore,72,0,10,0,10,0,10,0,10,0,10,0,10,0,10,0,10,0,10,0,10,0,10,0,10,0,10,0,10,0,10,0,10,0,10,0,10,0,10,0,10,0,10,0,10,0,10,0,10,0,10,0,10,0,10
South Side Flats,73,1385.0,198.736005797,8.0,25.8650343128,11.0,28.7054001889,0.0,24.4948974278,0.0,24.4948974278,10.0,27.4954541696,0.0,24.4948974278,13.0,30.0,45.0,62.7136348811,0.0,24.4948974278,10.0,26.9258240357,38.0,40.2119385259,79.0,52.8488410469,57.0,46.0543157587,88.0,71.8679344354,103.0,56.8594759033,98.0,55.0635995917,76.0,49.537864306,311.0,117.132403715,187.0,99.6744701516,164.0,67.3424086293,64.0,44.8887513749,10.0,27.4954541696,13.0,30.0,0.0,24.4948974278,0.0,24.4948974278,0.0,24.4948974278
South Side Slopes,74,1053.0,134.346566759,31.0,33.8969025134,31.0,43.7835585579,23.0,28.2488937836,28.0,41.1460812228,34.0,33.9116499156,59.0,38.6522961801,30.0,29.2574776766,95.0,53.944415837,82.0,43.6233882224,44.0,31.9217793991,80.0,41.194659848,82.0,51.0587896449,8.0,28.2134719593,106.0,56.6656862661,64.0,46.6583325891,76.0,42.1426150114,17.0,28.9827534923,60.0,54.7813836992,16.0,28.5131548588,74.0,49.3558507169,13.0,26.1725046566,0.0,26.4575131106,0.0,26.4575131106,0.0,26.4575131106,0.0,26.4575131106,0.0,26.4575131106
Spring Garden,75,272.0,58.0,4.0,11.6619037897,12.0,16.4012194669,24.0,22.1359436212,43.0,30.4138126515,18.0,13.8924439894,14.0,13.416407865,5.0,14.1421356237,23.0,16.2788205961,18.0,26.9258240357,22.0,20.591260282,4.0,12.2065556157,25.0,22.1359436212,0.0,14.1421356237,35.0,20.8086520467,6.0,14.1421356237,0.0,14.1421356237,7.0,15.6204993518,12.0,13.4536240471,0.0,14.1421356237,0.0,14.1421356237,0.0,14.1421356237,0.0,14.1421356237,0.0,14.1421356237,0.0,14.1421356237,0.0,14.1421356237,0.0,14.1421356237
Spring Hill-City View,76,639.0,104.752088285,15.0,20.4205778567,25.0,27.0,26.0,43.3704968844,8.0,18.547236991,8.0,19.8997487421,0.0,17.3205080757,34.0,27.8028775489,62.0,51.5460958755,79.0,54.7722557505,90.0,38.8587184555,86.0,39.6736688497,12.0,19.2093727123,63.0,45.7493169348,71.0,60.6465168002,27.0,25.4558441227,16.0,21.1187120819,0.0,17.3205080757,17.0,24.5967477525,0.0,17.3205080757,0.0,17.3205080757,0.0,17.3205080757,0.0,17.3205080757,0.0,17.3205080757,0.0,17.3205080757,0.0,17.3205080757,0.0,17.3205080757
Squirrel Hill North,77,1967.0,153.570830563,11.0,34.0,0.0,31.6227766016,0.0,31.6227766016,0.0,31.6227766016,0.0,31.6227766016,8.0,32.6955654485,0.0,31.6227766016,0.0,31.6227766016,0.0,31.6227766016,22.0,44.5982062419,9.0,33.1058907145,0.0,31.6227766016,9.0,33.1058907145,23.0,34.3656805549,36.0,35.2420203735,48.0,40.1746188532,77.0,60.6300255649,216.0,66.6858305789,188.0,69.4478221401,279.0,89.9499861034,307.0,78.4729252672,383.0,92.8385695709,206.0,61.3106842239,74.0,46.6154480832,21.0,33.8526217596,50.0,40.2864741571
Squirrel Hill South,78,3152.0,235.881326096,36.0,47.7912125813,0.0,36.0555127546,28.0,46.303347611,6.0,36.0555127546,13.0,36.6742416418,0.0,36.0555127546,16.0,43.9203825121,0.0,36.0555127546,36.0,52.9150262211,0.0,36.0555127546,20.0,46.4865571966,32.0,43.9772668547,28.0,47.2228758125,200.0,94.4298681561,119.0,73.3689307541,217.0,89.7663634106,198.0,76.8960337079,460.0,142.239235093,343.0,113.88590782,482.0,123.689126442,328.0,104.928547117,382.0,115.451288429,149.0,100.493780902,43.0,46.2276973254,0.0,36.0555127546,16.0,42.7200187267
St. Clair,79,48,29,0,10,4,6,0,10,0,10,3,5,0,10,24,27,0,10,4,7,13,11,0,10,0,10,0,10,0,10,0,10,0,10,0,10,0,10,0,10,0,10,0,10,0,10,0,10,0,10,0,10,0,10
Stanton Heights,80,1697.0,134.361452805,11.0,18.574175621,19.0,28.0,10.0,24.269322199,0.0,20.0,22.0,28.5832118559,0.0,20.0,0.0,20.0,45.0,33.3766385366,80.0,55.3263047745,112.0,53.6097006147,86.0,43.7492857084,132.0,53.7959106253,193.0,73.2598116296,439.0,92.967736339,181.0,65.7951365984,246.0,75.4585979196,41.0,33.1662479036,55.0,37.5366487582,10.0,22.9128784748,0.0,20.0,0.0,20.0,15.0,21.4476105895,0.0,20.0,0.0,20.0,0.0,20.0,0.0,20.0
Strip District,81,72,40,0,10,0,10,0,10,0,10,0,10,0,10,0,10,0,10,0,10,0,10,0,10,20,34,0,10,0,10,8,11,0,10,0,10,15,16,0,10,8,12,7,10,7,11,7,11,0,10,0,10,0,10
Summer Hill,82,403,41,5,7,0,10,0,10,4,7,0,10,0,10,0,10,4,6,30,32,28,19,52,28,84,35,46,28,76,34,24,16,22,19,16,23,6,10,0,10,6,10,0,10,0,10,0,10,0,10,0,10,0,10
Swisshelm Park,83,514,55,9,11,0,10,0,10,0,10,0,10,16,14,0,10,10,10,0,10,20,15,38,25,13,12,16,11,137,52,38,27,74,29,56,33,37,23,10,11,28,17,12,13,0,10,0,10,0,10,0,10,0,10
Terrace Village,84,56.0,28.3725219182,3.0,15.3622914957,0.0,17.3205080757,0.0,17.3205080757,6.0,17.3205080757,4.0,15.779733838,0.0,17.3205080757,0.0,17.3205080757,14.0,26.1533936613,0.0,17.3205080757,0.0,17.3205080757,10.0,21.3541565041,0.0,17.3205080757,0.0,17.3205080757,0.0,17.3205080757,4.0,15.779733838,6.0,17.9164728672,0.0,17.3205080757,0.0,17.3205080757,0.0,17.3205080757,9.0,18.547236991,0.0,17.3205080757,0.0,17.3205080757,0.0,17.3205080757,0.0,17.3205080757,0.0,17.3205080757,0.0,17.3205080757
Troy Hill,85,618.0,104.690018626,20.0,29.7321374946,8.0,15.6204993518,0.0,14.1421356237,14.0,18.8679622641,24.0,22.2036033112,62.0,62.6258732474,25.0,24.1660919472,89.0,57.3846669416,80.0,38.4187454246,42.0,40.2616442784,49.0,31.1448230048,59.0,38.6005181312,24.0,25.079872408,28.0,25.495097568,0.0,14.1421356237,0.0,14.1421356237,15.0,21.4709105536,7.0,17.2046505341,0.0,14.1421356237,16.0,19.7230829233,15.0,20.591260282,41.0,25.495097568,0.0,14.1421356237,0.0,14.1421356237,0.0,14.1421356237,0.0,14.1421356237
Upper Hill,86,513.0,143.352711868,0.0,17.3205080757,22.0,24.9198715888,23.0,30.4795013083,42.0,58.7281874401,24.0,34.0734500748,11.0,27.0,8.0,19.2093727123,9.0,19.2093727123,15.0,17.4928556845,91.0,83.5763124336,59.0,64.8536814684,15.0,23.6854385647,14.0,24.4948974278,16.0,21.5638586528,13.0,26.1533936613,6.0,17.3205080757,9.0,15.779733838,6.0,17.3205080757,36.0,54.8543526076,60.0,64.2884126417,9.0,19.2093727123,25.0,32.6343377442,0.0,17.3205080757,0.0,17.3205080757,0.0,17.3205080757,0.0,17.3205080757
Upper Lawrenceville,87,594.0,115.952576513,0.0,17.3205080757,0.0,17.3205080757,17.0,27.8567765544,13.0,20.6155281281,5.0,16.7630546143,23.0,25.632011236,55.0,42.4264068712,42.0,30.2985148151,91.0,49.3761075825,57.0,34.9428104193,47.0,44.3170396123,99.0,61.26173357,7.0,17.9164728671,4.0,15.779733838,49.0,37.9868398265,25.0,24.3515913238,18.0,19.416487839,20.0,34.0734500748,8.0,18.547236991,14.0,27.8567765544,0.0,17.3205080757,0.0,17.3205080757,0.0,17.3205080757,0.0,17.3205080757,0.0,17.3205080757,0.0,17.3205080757
West End,88,35,23,0,10,0,10,0,10,12,16,0,10,0,10,0,10,0,10,7,12,0,10,4,8,0,10,0,10,0,10,0,10,9,16,0,10,0,10,0,10,3,6,0,10,0,10,0,10,0,10,0,10,0,10
West Oakland,89,204.0,51.8555686499,0.0,14.1421356237,0.0,14.1421356237,10.0,16.4012194669,0.0,14.1421356237,6.0,12.8062484749,23.0,19.6977156036,0.0,14.1421356237,13.0,13.6014705087,52.0,32.4499614792,11.0,12.5299640861,37.0,31.4006369362,0.0,14.1421356237,10.0,13.416407865,2.0,11.1803398875,0.0,14.1421356237,20.0,19.8494332413,0.0,14.1421356237,4.0,12.8062484749,8.0,15.6204993518,0.0,14.1421356237,8.0,14.8660687473,0.0,14.1421356237,0.0,14.1421356237,0.0,14.1421356237,0.0,14.1421356237,0.0,14.1421356237
Westwood,90,973.0,102.552425617,29.0,25.495097568,0.0,14.1421356237,0.0,14.1421356237,0.0,14.1421356237,0.0,14.1421356237,0.0,14.1421356237,9.0,17.2046505341,25.0,25.2388589282,65.0,49.7694685525,70.0,35.6089876295,59.0,32.5729949498,104.0,50.0099990002,124.0,54.3783044973,191.0,65.8634952003,108.0,53.712196008,42.0,30.0,0.0,14.1421356237,130.0,53.600373133,17.0,16.4012194669,0.0,14.1421356237,0.0,14.1421356237,0.0,14.1421356237,0.0,14.1421356237,0.0,14.1421356237,0.0,14.1421356237,0.0,14.1421356237
Windgap,91,537.0,87.4585616163,25.0,21.4709105536,36.0,39.2937654088,5.0,12.8062484749,0.0,14.1421356237,0.0,14.1421356237,18.0,19.8494332413,8.0,16.4012194669,46.0,40.2616442784,47.0,30.0166620396,54.0,34.7131099154,49.0,34.1320963318,40.0,27.4590604355,33.0,22.6715680975,129.0,61.5873363607,17.0,23.2594066992,30.0,23.4307490277,0.0,14.1421356237,0.0,14.1421356237,0.0,14.1421356237,0.0,14.1421356237,0.0,14.1421356237,0.0,14.1421356237,0.0,14.1421356237,0.0,14.1421356237,0.0,14.1421356237,0.0,14.1421356237
